supplier_id,company_name,region,industry,annual_revenue,annual_spend,avg_payment_delay_days,contract_value,contract_duration_months,past_disputes,delivery_score,financial_stability_index,relationship_years,contract_criticality,credit_score,created_ts
S_00001,"Rodriguez, Figueroa and Sanchez",Asia-Pacific,Logistics,983912,503374,13,1429141,53,8,55,0.22,9,Medium,577,2025-11-01 10:05:48.053057+00:00
S_00002,Doyle Ltd,Europe,Biotech,299957,210272,71,426992,51,10,94,0.27,8,Medium,594,2025-11-01 10:05:48.054280+00:00
S_00003,"Mcclain, Miller and Henderson",North America,Logistics,3818238,2860126,43,592738,15,3,98,0.67,5,High,734,2025-11-01 10:05:48.055174+00:00
S_00004,Davis and Sons,Asia-Pacific,Biotech,3237061,1722959,5,1540358,35,8,57,0.28,6,High,598,2025-11-01 10:05:48.055434+00:00
S_00005,"Guzman, Hoffman and Baldwin",Asia-Pacific,Biotech,2509357,1245003,8,106100,48,3,99,0.86,4,Low,801,2025-11-01 10:05:48.055906+00:00
S_00006,"Gardner, Robinson and Lawrence",LATAM,IT Services,2002791,1255159,46,351110,29,5,63,0.89,10,High,811,2025-11-01 10:05:48.056481+00:00
S_00007,Blake and Sons,Europe,Biotech,648967,496176,20,979429,30,4,90,0.69,8,High,741,2025-11-01 10:05:48.056730+00:00
S_00008,"Henderson, Ramirez and Lewis",North America,Logistics,2770280,2246423,40,851303,23,1,63,0.87,9,Low,804,2025-11-01 10:05:48.057165+00:00
S_00009,Garcia-James,LATAM,Facilities,2689709,2265653,82,972282,15,4,58,0.37,3,Medium,629,2025-11-01 10:05:48.057455+00:00
S_00010,Abbott-Munoz,LATAM,Biotech,4571269,2741391,28,300102,38,7,55,0.41,0,Low,643,2025-11-01 10:05:48.057744+00:00
S_00011,Blair PLC,LATAM,Biotech,1332125,575163,48,1259668,35,8,66,0.7,8,Low,745,2025-11-01 10:05:48.057941+00:00
S_00012,Dudley Group,North America,Biotech,146309,113453,82,723399,13,4,77,0.74,2,Medium,759,2025-11-01 10:05:48.058158+00:00
S_00013,Arnold Ltd,Europe,Biotech,2259467,1934813,80,635884,59,10,82,0.98,9,High,843,2025-11-01 10:05:48.058352+00:00
S_00014,"Mcclure, Ward and Lee",North America,Biotech,3186616,1791126,2,244603,29,12,69,0.81,3,High,783,2025-11-01 10:05:48.058778+00:00
S_00015,Williams and Sons,North America,Facilities,4809334,3885997,68,1616071,14,2,92,0.96,7,Low,836,2025-11-01 10:05:48.058974+00:00
S_00016,Galloway-Wyatt,LATAM,Logistics,1435185,1240655,88,431844,51,4,75,0.41,10,Medium,643,2025-11-01 10:05:48.059304+00:00
S_00017,James Group,LATAM,Manufacturing,3725049,1951749,8,719016,7,9,85,0.92,3,Medium,822,2025-11-01 10:05:48.059466+00:00
S_00018,"Flowers, Martin and Kelly",North America,Logistics,110321,47846,4,1812786,27,1,82,0.26,3,High,591,2025-11-01 10:05:48.059861+00:00
S_00019,"Adams, Zuniga and Wong",Europe,Biotech,4121951,2836338,31,1655466,36,12,76,0.37,3,High,629,2025-11-01 10:05:48.060290+00:00
S_00020,"Reid, Ferguson and Sanchez",LATAM,Facilities,3665919,3049745,6,1422147,47,10,56,0.48,0,Medium,668,2025-11-01 10:05:48.060723+00:00
S_00021,Gray-Mayo,North America,Logistics,2896276,1435959,68,950810,14,6,61,0.84,4,Medium,794,2025-11-01 10:05:48.061030+00:00
S_00022,"Watts, Robinson and Nguyen",North America,Manufacturing,682374,495452,69,1763276,6,1,98,0.55,3,High,692,2025-11-01 10:05:48.061472+00:00
S_00023,Perez Inc,LATAM,Manufacturing,4123853,1989010,0,828773,22,12,100,0.59,7,High,706,2025-11-01 10:05:48.061650+00:00
S_00024,Morales-Jones,LATAM,Logistics,4712122,2332259,27,132648,43,11,84,0.73,0,Medium,755,2025-11-01 10:05:48.061940+00:00
S_00025,"Walter, Edwards and Rios",LATAM,Biotech,529537,455239,67,340160,9,8,55,0.24,2,High,584,2025-11-01 10:05:48.062447+00:00
S_00026,Wilkerson-Day,Europe,Facilities,620097,285209,72,526351,43,9,52,0.74,9,High,759,2025-11-01 10:05:48.062668+00:00
S_00027,Baker and Sons,Asia-Pacific,IT Services,4946198,2483632,40,510560,22,6,58,0.65,10,Medium,727,2025-11-01 10:05:48.062779+00:00
S_00028,"Hoffman, Baker and Richards",North America,Manufacturing,3885477,2444519,72,219675,10,8,63,0.45,8,High,657,2025-11-01 10:05:48.063039+00:00
S_00029,"Ross, Robinson and Bright",Europe,IT Services,2977698,1615382,56,1758489,40,11,69,0.9,9,Low,815,2025-11-01 10:05:48.063482+00:00
S_00030,"Snyder, Campos and Callahan",Asia-Pacific,Manufacturing,4487076,3901355,17,564625,13,1,97,0.21,8,High,573,2025-11-01 10:05:48.063993+00:00
S_00031,Burton Ltd,Asia-Pacific,Logistics,2413542,1795068,33,1069919,37,4,53,0.68,1,Medium,738,2025-11-01 10:05:48.064223+00:00
S_00032,Carlson-Cruz,Asia-Pacific,Logistics,2370961,1703669,33,348861,53,7,85,0.24,6,Medium,584,2025-11-01 10:05:48.064555+00:00
S_00033,"Ferrell, Rice and Maddox",Europe,Biotech,988466,413192,47,1231611,41,2,77,0.26,2,High,591,2025-11-01 10:05:48.065013+00:00
S_00034,Frazier Inc,North America,IT Services,3108918,1570122,31,1408660,12,5,99,0.92,8,Low,822,2025-11-01 10:05:48.065220+00:00
S_00035,"Dyer, Potter and Mack",Europe,Logistics,3458940,2878885,22,1858463,32,0,61,0.98,5,Medium,843,2025-11-01 10:05:48.065511+00:00
S_00036,Rodriguez-Graham,Europe,IT Services,3503700,1680370,89,236692,30,0,80,0.84,3,High,794,2025-11-01 10:05:48.065700+00:00
S_00037,Smith-Bowen,Europe,Logistics,3911303,1610800,24,845643,27,4,54,0.48,4,Medium,668,2025-11-01 10:05:48.065895+00:00
S_00038,"Baker, Mason and White",Asia-Pacific,Manufacturing,4323204,1978604,33,384483,43,4,52,0.52,1,Medium,682,2025-11-01 10:05:48.066181+00:00
S_00039,Harrell LLC,Asia-Pacific,Facilities,2949833,2074040,65,252526,30,9,62,0.78,4,High,773,2025-11-01 10:05:48.066289+00:00
S_00040,"Romero, Gonzalez and Brooks",Europe,IT Services,3707915,2282773,85,1940996,27,9,70,0.2,10,Low,570,2025-11-01 10:05:48.066569+00:00
S_00041,Ryan PLC,LATAM,IT Services,2569285,1544654,37,1172687,14,3,76,0.61,10,Low,713,2025-11-01 10:05:48.066688+00:00
S_00042,George Group,Asia-Pacific,Facilities,1509847,1017589,0,647271,24,3,77,0.69,9,Medium,741,2025-11-01 10:05:48.066882+00:00
S_00043,Rodriguez LLC,LATAM,Logistics,2753222,1804976,21,1391710,11,4,82,0.57,10,Medium,699,2025-11-01 10:05:48.067100+00:00
S_00044,Allen-Allen,Europe,IT Services,2861762,1466138,25,319023,7,0,65,0.27,7,Medium,594,2025-11-01 10:05:48.067436+00:00
S_00045,"Arroyo, Miller and Tucker",Europe,Facilities,660927,427744,31,319479,47,11,50,0.56,1,Medium,696,2025-11-01 10:05:48.067755+00:00
S_00046,Spence PLC,LATAM,Manufacturing,1885772,1279878,15,967269,14,12,79,0.34,10,Medium,619,2025-11-01 10:05:48.067868+00:00
S_00047,Anderson Group,LATAM,Biotech,4738605,3826438,64,904940,59,8,78,0.68,2,Medium,738,2025-11-01 10:05:48.067977+00:00
S_00048,"Martin, Rose and Obrien",Europe,IT Services,4031857,3156568,66,1026273,46,3,67,0.56,7,High,696,2025-11-01 10:05:48.068260+00:00
S_00049,Hickman Ltd,Asia-Pacific,IT Services,2446861,2071300,10,300191,15,3,74,0.39,2,Medium,636,2025-11-01 10:05:48.068373+00:00
S_00050,"Harris, Collins and Carney",Asia-Pacific,Biotech,588790,372681,7,443763,59,6,74,0.53,9,Low,685,2025-11-01 10:05:48.068647+00:00
S_00051,"Brooks, Lam and Hayes",LATAM,Facilities,213845,86168,45,636236,54,6,76,0.89,8,Medium,811,2025-11-01 10:05:48.069004+00:00
S_00052,Walker LLC,Europe,Facilities,4631289,2360618,55,1028465,7,6,71,0.84,10,Medium,794,2025-11-01 10:05:48.069557+00:00
S_00053,Chapman and Sons,LATAM,Logistics,3441654,3064314,68,66552,31,9,86,0.78,10,High,773,2025-11-01 10:05:48.069981+00:00
S_00054,"Robinson, Jones and Welch",LATAM,Logistics,3645464,1549841,48,696508,19,7,70,0.31,5,Medium,608,2025-11-01 10:05:48.070591+00:00
S_00055,Jones Inc,LATAM,IT Services,3230341,2640659,60,50649,53,8,53,0.42,5,High,647,2025-11-01 10:05:48.070773+00:00
S_00056,Jones-Young,North America,Manufacturing,625612,547289,25,1769990,7,9,59,0.82,3,High,787,2025-11-01 10:05:48.071001+00:00
S_00057,"Washington, Ryan and Cummings",Europe,Facilities,1009568,756905,47,361879,44,9,97,0.65,1,Medium,727,2025-11-01 10:05:48.071421+00:00
S_00058,"Johnston, Sanchez and Kennedy",North America,Biotech,1423767,587786,39,1217533,49,6,75,0.97,3,High,839,2025-11-01 10:05:48.071961+00:00
S_00059,Lee-Davis,Asia-Pacific,Biotech,2087168,1675503,72,1651305,8,5,84,0.28,6,Medium,598,2025-11-01 10:05:48.072408+00:00
S_00060,Gomez-Jenkins,Asia-Pacific,Manufacturing,628451,518338,62,231331,33,5,90,0.6,7,Medium,710,2025-11-01 10:05:48.072691+00:00
S_00061,"Brown, Valdez and Lucas",Asia-Pacific,Biotech,3703130,2977685,68,1634540,36,7,77,0.34,9,High,619,2025-11-01 10:05:48.073038+00:00
S_00062,Powell LLC,North America,IT Services,2109362,1773584,31,1583862,35,9,89,0.86,10,Medium,801,2025-11-01 10:05:48.073224+00:00
S_00063,Wright and Sons,Asia-Pacific,Logistics,290753,187179,45,1683175,22,5,67,0.6,9,Medium,710,2025-11-01 10:05:48.073333+00:00
S_00064,"West, Henderson and Ramirez",Europe,Manufacturing,2367508,1232709,52,1034622,41,12,65,0.64,7,Medium,724,2025-11-01 10:05:48.073608+00:00
S_00065,Baxter Inc,North America,Manufacturing,4167307,2280007,51,1460782,21,4,92,0.56,9,Medium,696,2025-11-01 10:05:48.073731+00:00
S_00066,Morton-Chase,LATAM,Biotech,4692867,2653326,89,961572,23,4,66,0.62,3,High,717,2025-11-01 10:05:48.073929+00:00
S_00067,Williams PLC,Europe,Logistics,1665514,846401,61,589861,52,9,98,0.45,8,Medium,657,2025-11-01 10:05:48.074056+00:00
S_00068,Novak and Sons,Asia-Pacific,Logistics,893274,518492,38,39671,51,8,58,0.87,4,High,804,2025-11-01 10:05:48.074165+00:00
S_00069,Russell Group,Europe,Facilities,507397,228985,1,1213899,24,7,80,0.64,7,Medium,724,2025-11-01 10:05:48.074256+00:00
S_00070,Hancock Inc,LATAM,Manufacturing,480979,390101,51,1041267,10,9,90,0.4,10,High,640,2025-11-01 10:05:48.074355+00:00
S_00071,Gray Group,Asia-Pacific,Manufacturing,1301560,1167446,15,1180363,54,6,88,0.85,9,Medium,797,2025-11-01 10:05:48.074450+00:00
S_00072,House-Glover,LATAM,Facilities,1943200,1659982,38,1813900,43,6,69,0.82,9,Medium,787,2025-11-01 10:05:48.074652+00:00
S_00073,Henderson-Bernard,Europe,Logistics,882431,469738,10,339372,21,2,85,0.96,1,High,836,2025-11-01 10:05:48.074824+00:00
S_00074,"Stanley, Tucker and Lee",LATAM,IT Services,3476893,1447499,36,1492593,24,11,79,0.56,1,Medium,696,2025-11-01 10:05:48.075065+00:00
S_00075,Novak PLC,Europe,Facilities,2269245,1037925,28,1368188,15,4,59,0.83,1,High,790,2025-11-01 10:05:48.075167+00:00
S_00076,"Daniels, Adkins and Brown",Asia-Pacific,Facilities,2630434,1215725,88,647725,50,6,67,0.68,8,Medium,738,2025-11-01 10:05:48.075394+00:00
S_00077,"Woods, Calhoun and Schmidt",North America,Facilities,3722187,2855911,77,535059,7,1,64,0.26,10,Low,591,2025-11-01 10:05:48.075638+00:00
S_00078,Yu Inc,North America,IT Services,4875119,3354683,22,996711,39,10,78,0.67,4,High,734,2025-11-01 10:05:48.075746+00:00
S_00079,Jones Inc,LATAM,Manufacturing,4960100,3149689,52,708998,26,10,56,0.55,2,Medium,692,2025-11-01 10:05:48.075845+00:00
S_00080,"Hensley, Powell and David",LATAM,Biotech,4206295,1759697,11,669590,22,5,57,0.43,6,Low,650,2025-11-01 10:05:48.076080+00:00
S_00081,"Sanchez, Wheeler and Harvey",LATAM,Facilities,59655,25478,66,768706,45,12,81,0.73,10,Medium,755,2025-11-01 10:05:48.076318+00:00
S_00082,Sandoval-Cunningham,Europe,IT Services,482950,298974,89,1026514,13,0,90,0.36,9,Medium,626,2025-11-01 10:05:48.076478+00:00
S_00083,Donovan-Harris,North America,Biotech,1378572,832651,28,1774555,13,7,57,0.45,10,Low,657,2025-11-01 10:05:48.076650+00:00
S_00084,"Edwards, Baker and Anderson",Asia-Pacific,Biotech,4230676,3184454,53,1760542,36,7,65,0.95,7,Medium,832,2025-11-01 10:05:48.076889+00:00
S_00085,"Evans, Stewart and Walton",Europe,Manufacturing,3267752,1758454,53,722770,56,8,67,0.35,0,High,622,2025-11-01 10:05:48.077134+00:00
S_00086,Smith PLC,LATAM,Logistics,2554467,1592132,61,733777,27,8,98,0.87,8,Medium,804,2025-11-01 10:05:48.077238+00:00
S_00087,"Ferrell, Jones and Lewis",Europe,Biotech,2749264,1626149,52,101535,26,11,80,0.9,6,Medium,815,2025-11-01 10:05:48.077486+00:00
S_00088,Anderson-Bailey,North America,Logistics,1325951,863387,75,706243,12,7,56,0.6,8,Low,710,2025-11-01 10:05:48.077651+00:00
S_00089,Suarez LLC,LATAM,Logistics,178744,78185,33,720014,45,11,75,0.78,10,High,773,2025-11-01 10:05:48.077748+00:00
S_00090,Moore-Bass,LATAM,IT Services,2806207,2001946,62,1839519,40,0,89,0.88,1,High,808,2025-11-01 10:05:48.077919+00:00
S_00091,"Turner, Riggs and Roman",North America,Facilities,2460709,2187985,81,1486166,12,7,60,1.0,4,Low,850,2025-11-01 10:05:48.078176+00:00
S_00092,"Smith, Montoya and Evans",North America,IT Services,435800,252429,55,315281,21,8,76,0.46,9,Medium,661,2025-11-01 10:05:48.078413+00:00
S_00093,"Garcia, Humphrey and Baker",North America,Biotech,1560426,1303610,79,1442637,21,7,87,0.34,2,High,619,2025-11-01 10:05:48.078655+00:00
S_00094,Newton and Sons,North America,Facilities,2180516,1854757,86,1156299,16,1,78,0.57,5,Low,699,2025-11-01 10:05:48.078751+00:00
S_00095,Campbell-Clark,LATAM,IT Services,2559487,1608427,38,427788,30,7,56,0.71,3,Medium,748,2025-11-01 10:05:48.078909+00:00
S_00096,Harris-Walters,Asia-Pacific,Manufacturing,3061167,2721292,84,840064,23,0,86,0.66,10,Medium,731,2025-11-01 10:05:48.079089+00:00
S_00097,Wagner-King,LATAM,IT Services,461412,363532,29,1283107,57,5,64,0.93,10,High,825,2025-11-01 10:05:48.079260+00:00
S_00098,Davis Group,Europe,Manufacturing,2152409,1833210,82,92675,25,12,78,0.74,0,Medium,759,2025-11-01 10:05:48.079389+00:00
S_00099,Williams-Cook,Asia-Pacific,IT Services,1152362,891629,22,431097,14,12,84,0.27,5,Medium,594,2025-11-01 10:05:48.079628+00:00
S_00100,Walsh LLC,Asia-Pacific,Facilities,2336125,2064415,37,1575648,27,12,57,0.86,7,Low,801,2025-11-01 10:05:48.079735+00:00
S_00101,Figueroa PLC,Europe,Facilities,1230755,1087538,71,777085,11,12,75,0.8,0,High,780,2025-11-01 10:05:48.079851+00:00
S_00102,"Patterson, Smith and Jones",Asia-Pacific,Biotech,1086737,641732,81,1981935,29,1,93,0.56,3,Medium,696,2025-11-01 10:05:48.080103+00:00
S_00103,"Mckee, Gardner and Davenport",Europe,Manufacturing,4759426,3415849,59,1917124,50,4,91,0.46,6,High,661,2025-11-01 10:05:48.080343+00:00
S_00104,"Tran, Jordan and Williams",Asia-Pacific,Facilities,430396,197147,30,1870717,40,2,74,0.96,7,Medium,836,2025-11-01 10:05:48.080589+00:00
S_00105,Nolan-Flynn,Europe,Facilities,4581463,3332835,62,1301116,32,4,52,0.54,5,High,689,2025-11-01 10:05:48.080761+00:00
S_00106,Nolan and Sons,Asia-Pacific,Manufacturing,3780379,3366290,47,1151827,47,5,53,0.96,6,High,836,2025-11-01 10:05:48.080858+00:00
S_00107,"Wright, Garcia and Deleon",LATAM,Manufacturing,1074749,786054,82,1351113,44,0,53,0.96,5,High,836,2025-11-01 10:05:48.081095+00:00
S_00108,Dickson-Brady,Europe,Manufacturing,1106326,901554,70,444440,43,3,64,0.83,5,Medium,790,2025-11-01 10:05:48.081255+00:00
S_00109,Hancock and Sons,Europe,Logistics,73786,49444,22,240532,48,0,58,0.42,0,Medium,647,2025-11-01 10:05:48.081356+00:00
S_00110,Johnson-Doyle,North America,Logistics,2045914,1089825,16,1565495,32,8,57,0.67,1,Medium,734,2025-11-01 10:05:48.081519+00:00
S_00111,Patton-Jenkins,North America,Facilities,3087003,2012476,78,100943,52,12,92,0.61,8,Medium,713,2025-11-01 10:05:48.081709+00:00
S_00112,"Shields, Cochran and Adams",LATAM,Facilities,311310,190875,13,1038168,51,7,54,0.25,1,Medium,587,2025-11-01 10:05:48.082132+00:00
S_00113,"Rodriguez, Brennan and Garrison",Asia-Pacific,Biotech,1294314,927425,70,1503492,26,6,88,0.25,8,High,587,2025-11-01 10:05:48.082515+00:00
S_00114,Gonzalez Group,North America,Manufacturing,4290869,3545958,83,1850683,55,8,96,0.68,3,Medium,738,2025-11-01 10:05:48.082717+00:00
S_00115,Torres-Pope,LATAM,Facilities,1966743,1195769,12,665461,33,5,92,0.53,4,Medium,685,2025-11-01 10:05:48.082946+00:00
S_00116,Walker Ltd,LATAM,Manufacturing,1330428,592855,10,205517,33,1,97,0.75,5,Low,762,2025-11-01 10:05:48.083089+00:00
S_00117,Ross LLC,Asia-Pacific,Manufacturing,4717176,2855798,85,1983692,54,6,96,0.25,0,Low,587,2025-11-01 10:05:48.083228+00:00
S_00118,Rasmussen LLC,Europe,Logistics,2671011,1945479,28,1786864,12,5,85,0.48,5,High,668,2025-11-01 10:05:48.083323+00:00
S_00119,May-Ross,LATAM,Biotech,2386799,2117743,79,1296756,49,10,85,0.66,0,Medium,731,2025-11-01 10:05:48.083501+00:00
S_00120,"Rivera, Johnson and Wiley",Asia-Pacific,IT Services,2293514,1974185,44,22804,17,2,86,0.22,10,Medium,577,2025-11-01 10:05:48.083781+00:00
S_00121,White-Estes,North America,Manufacturing,1240130,958689,27,798936,32,7,71,0.79,2,Medium,776,2025-11-01 10:05:48.084106+00:00
S_00122,Johnson-Carlson,North America,Manufacturing,2771120,1324013,79,114359,49,1,67,0.82,7,Medium,787,2025-11-01 10:05:48.084564+00:00
S_00123,Chandler-Edwards,LATAM,IT Services,4124025,2094115,65,248692,28,6,57,0.69,4,Medium,741,2025-11-01 10:05:48.084881+00:00
S_00124,"Joyce, Wilson and Lam",Asia-Pacific,Manufacturing,4132171,2108478,76,124886,6,3,69,0.62,3,Medium,717,2025-11-01 10:05:48.085265+00:00
S_00125,Scott Ltd,North America,Manufacturing,2193452,1422876,55,378458,14,6,84,0.43,3,Medium,650,2025-11-01 10:05:48.085402+00:00
S_00126,Smith-Frost,North America,Facilities,3020969,1236696,9,1817975,26,9,77,0.26,9,Medium,591,2025-11-01 10:05:48.085626+00:00
S_00127,"Mcdaniel, Bentley and Mclaughlin",LATAM,Manufacturing,3553870,3138422,21,1690494,45,7,94,0.43,5,High,650,2025-11-01 10:05:48.085880+00:00
S_00128,Diaz Inc,LATAM,Biotech,938044,412104,39,1574066,27,3,71,0.39,2,High,636,2025-11-01 10:05:48.085978+00:00
S_00129,"Mccall, Hanson and Alvarado",Europe,IT Services,1006524,579304,82,1719256,15,3,56,0.62,2,High,717,2025-11-01 10:05:48.086248+00:00
S_00130,Cortez LLC,North America,Logistics,1505415,1318210,80,1046238,35,12,86,0.68,9,Medium,738,2025-11-01 10:05:48.086351+00:00
S_00131,"Parker, Ortiz and Powell",Asia-Pacific,IT Services,4785300,2275308,8,993398,34,10,69,0.71,4,Medium,748,2025-11-01 10:05:48.086621+00:00
S_00132,Spencer-Lee,Asia-Pacific,Facilities,3002305,1879313,7,783298,59,4,54,0.61,10,Low,713,2025-11-01 10:05:48.086800+00:00
S_00133,"Bentley, Byrd and Orr",LATAM,Facilities,807461,557281,5,953159,57,9,91,0.69,3,Medium,741,2025-11-01 10:05:48.087052+00:00
S_00134,"Carroll, Sullivan and Bass",North America,Facilities,4039865,1825012,43,1508028,11,8,91,0.6,2,High,710,2025-11-01 10:05:48.087321+00:00
S_00135,Mitchell-Jordan,Europe,IT Services,3722182,2182784,36,822471,32,12,71,0.99,10,Medium,846,2025-11-01 10:05:48.087496+00:00
S_00136,"Lawson, Morris and Ramos",North America,Biotech,2857242,2112043,36,538473,52,10,88,0.25,2,Medium,587,2025-11-01 10:05:48.087760+00:00
S_00137,"Lewis, Kennedy and Santana",Asia-Pacific,IT Services,4938373,4364772,89,1398598,31,2,88,0.73,1,Medium,755,2025-11-01 10:05:48.088092+00:00
S_00138,"Jackson, Miller and Robertson",Asia-Pacific,Logistics,3209815,2359400,87,1923542,39,1,91,0.71,10,Medium,748,2025-11-01 10:05:48.088528+00:00
S_00139,"Harvey, Davis and Crane",Asia-Pacific,Logistics,3085234,2701383,43,1997404,55,7,62,0.21,3,Low,573,2025-11-01 10:05:48.088958+00:00
S_00140,Chambers and Sons,North America,Biotech,1349774,1060162,67,89162,48,5,99,0.26,9,High,591,2025-11-01 10:05:48.089147+00:00
S_00141,Hernandez Inc,Europe,Biotech,3210155,2582639,21,1522430,34,0,76,0.32,5,Medium,612,2025-11-01 10:05:48.089315+00:00
S_00142,Riggs PLC,Asia-Pacific,Facilities,2042547,1055999,30,659001,57,12,80,0.98,3,Medium,843,2025-11-01 10:05:48.089467+00:00
S_00143,Gibson Ltd,LATAM,IT Services,4835024,3815133,64,1116163,32,2,62,0.99,9,High,846,2025-11-01 10:05:48.089627+00:00
S_00144,"Lee, Horton and Snyder",LATAM,IT Services,2147178,1454220,13,1501915,60,8,57,0.24,4,High,584,2025-11-01 10:05:48.090009+00:00
S_00145,Hernandez Ltd,Europe,Facilities,1394797,621879,28,1722750,34,5,51,0.42,6,High,647,2025-11-01 10:05:48.090190+00:00
S_00146,Stafford Inc,LATAM,Manufacturing,4261140,2503233,3,678330,12,11,91,0.5,5,Medium,675,2025-11-01 10:05:48.090348+00:00
S_00147,Robinson-Brock,LATAM,Logistics,1204269,938632,60,950785,45,0,55,0.23,0,High,580,2025-11-01 10:05:48.090650+00:00
S_00148,"Holmes, Williams and Wright",LATAM,Manufacturing,1304261,1027870,30,641559,13,0,65,0.64,6,Medium,724,2025-11-01 10:05:48.091059+00:00
S_00149,Bryant Group,LATAM,Biotech,3884546,2594981,80,1090821,42,3,95,0.25,2,High,587,2025-11-01 10:05:48.091197+00:00
S_00150,"Schmidt, Hansen and Stewart",Europe,Biotech,63122,38396,85,1411348,11,8,73,0.69,1,Low,741,2025-11-01 10:05:48.091452+00:00
S_00151,Salazar-Ball,North America,Facilities,4614090,3860450,5,1343098,30,5,66,0.61,0,Medium,713,2025-11-01 10:05:48.091643+00:00
S_00152,"Simmons, Meadows and Griffin",North America,Biotech,616730,473397,42,289780,8,5,84,0.48,5,Low,668,2025-11-01 10:05:48.091897+00:00
S_00153,Manning Group,LATAM,Facilities,1518754,1087227,17,142331,51,12,79,0.86,0,High,801,2025-11-01 10:05:48.091997+00:00
S_00154,Green-Wright,North America,IT Services,417473,361817,65,845136,58,8,80,0.83,4,High,790,2025-11-01 10:05:48.092186+00:00
S_00155,"Ramirez, Strickland and Washington",North America,IT Services,1653091,887062,47,926353,31,11,78,0.43,6,Medium,650,2025-11-01 10:05:48.092438+00:00
S_00156,Hill Inc,LATAM,IT Services,1617136,1394222,66,569353,57,1,96,0.6,6,High,710,2025-11-01 10:05:48.092539+00:00
S_00157,"Mitchell, Nelson and Flores",Asia-Pacific,Manufacturing,1563778,688116,84,630001,25,7,88,0.64,6,High,724,2025-11-01 10:05:48.092805+00:00
S_00158,"Miller, Hernandez and Reyes",North America,IT Services,3773773,2669664,55,585784,46,12,53,0.48,1,Medium,668,2025-11-01 10:05:48.093072+00:00
S_00159,Mccarthy Inc,Europe,Manufacturing,3457538,1629847,77,1432055,56,7,52,0.49,2,High,671,2025-11-01 10:05:48.093205+00:00
S_00160,Russell-Daniels,North America,Biotech,3122985,1488786,57,1999827,29,5,78,0.49,1,Medium,671,2025-11-01 10:05:48.093392+00:00
S_00161,Brown-Wall,Asia-Pacific,IT Services,4491431,2357129,14,64344,53,2,81,0.49,8,Medium,671,2025-11-01 10:05:48.093570+00:00
S_00162,Stein-Silva,Asia-Pacific,Facilities,4761652,2415515,78,608898,50,7,62,0.29,1,High,601,2025-11-01 10:05:48.093752+00:00
S_00163,"Smith, Gilmore and Johnston",LATAM,Manufacturing,671193,540482,40,1410561,28,11,54,0.56,8,Medium,696,2025-11-01 10:05:48.094018+00:00
S_00164,Smith-Bell,Europe,IT Services,2566218,1679276,15,431486,56,2,65,0.88,7,High,808,2025-11-01 10:05:48.094217+00:00
S_00165,Castaneda-Ashley,LATAM,Biotech,4697468,2183785,11,147883,25,6,95,0.66,7,Medium,731,2025-11-01 10:05:48.094406+00:00
S_00166,Medina-Navarro,North America,Logistics,3484577,3087996,82,165535,34,7,93,0.86,8,Medium,801,2025-11-01 10:05:48.094598+00:00
S_00167,"Hurst, Freeman and Nelson",Europe,Logistics,4674668,2881040,7,1753552,13,8,59,0.71,4,High,748,2025-11-01 10:05:48.094864+00:00
S_00168,Johnson-Rogers,Europe,IT Services,2756674,2408620,66,1886795,24,1,66,0.95,3,Medium,832,2025-11-01 10:05:48.095050+00:00
S_00169,"Yates, Ramsey and Pittman",Asia-Pacific,Biotech,4670792,3114199,64,1354248,16,9,87,0.42,2,High,647,2025-11-01 10:05:48.095442+00:00
S_00170,Hooper PLC,North America,Manufacturing,2882158,1269911,82,1626951,42,4,91,0.87,3,Medium,804,2025-11-01 10:05:48.095633+00:00
S_00171,Meadows PLC,North America,Facilities,3544583,2993394,69,617485,47,4,80,0.69,3,Low,741,2025-11-01 10:05:48.095764+00:00
S_00172,"Alvarado, Miller and Patterson",North America,Manufacturing,3456551,1655826,53,1025548,35,3,71,0.44,9,High,654,2025-11-01 10:05:48.096032+00:00
S_00173,White-Green,Asia-Pacific,Facilities,2728620,1269853,47,1089991,41,1,70,0.79,3,Medium,776,2025-11-01 10:05:48.096246+00:00
S_00174,Lewis-Murphy,Europe,Manufacturing,2293715,975523,49,1822282,45,6,65,0.56,2,Low,696,2025-11-01 10:05:48.096442+00:00
S_00175,Ramirez-Bean,Europe,Logistics,4895990,3178147,65,988982,37,4,81,0.78,0,High,773,2025-11-01 10:05:48.096624+00:00
S_00176,King-Miller,Europe,Logistics,3348754,2316239,6,115990,24,7,88,0.6,10,Medium,710,2025-11-01 10:05:48.096816+00:00
S_00177,Curry Inc,North America,Facilities,2447031,1142683,33,1535694,29,12,75,0.63,5,High,720,2025-11-01 10:05:48.096931+00:00
S_00178,Walker-Jones,Europe,IT Services,479141,324192,9,820232,38,7,98,0.66,8,High,731,2025-11-01 10:05:48.097130+00:00
S_00179,"Williams, Johnson and Wright",North America,Facilities,1046659,613969,43,1179858,29,12,59,0.3,3,Medium,605,2025-11-01 10:05:48.097382+00:00
S_00180,Howell and Sons,North America,Manufacturing,3417078,1600963,42,1696038,36,8,79,0.6,2,Medium,710,2025-11-01 10:05:48.097493+00:00
S_00181,Wells Inc,Asia-Pacific,Logistics,4374375,2609215,78,1560465,59,4,87,0.31,5,Medium,608,2025-11-01 10:05:48.097597+00:00
S_00182,"Gould, Marshall and Scott",Asia-Pacific,Facilities,4325791,3494695,47,704659,49,1,76,0.63,9,Medium,720,2025-11-01 10:05:48.097854+00:00
S_00183,Jackson-Lawson,Asia-Pacific,Biotech,273532,188413,6,1233737,36,2,83,0.68,10,Medium,738,2025-11-01 10:05:48.098029+00:00
S_00184,"Higgins, Strickland and Martin",Europe,Manufacturing,3239267,2223060,89,240467,18,0,78,0.32,5,Medium,612,2025-11-01 10:05:48.098305+00:00
S_00185,Rodriguez-Johnson,LATAM,Biotech,3514160,2767352,60,1840431,60,11,96,0.75,0,Medium,762,2025-11-01 10:05:48.098491+00:00
S_00186,Johnston-Odonnell,Asia-Pacific,Facilities,4401030,2916732,40,373189,35,8,71,0.37,8,Medium,629,2025-11-01 10:05:48.098670+00:00
S_00187,Sanders-Espinoza,Europe,Logistics,2267630,1223393,38,481580,25,12,68,0.69,3,Medium,741,2025-11-01 10:05:48.098854+00:00
S_00188,Vargas Ltd,Asia-Pacific,Biotech,4152055,3599209,35,613538,13,9,93,0.45,8,Medium,657,2025-11-01 10:05:48.098965+00:00
S_00189,Garcia LLC,Europe,IT Services,3359578,1414494,10,736376,34,10,66,0.85,7,High,797,2025-11-01 10:05:48.099078+00:00
S_00190,"Burke, Martinez and Riggs",Asia-Pacific,Logistics,4567919,2076636,75,511810,21,0,92,0.42,8,High,647,2025-11-01 10:05:48.099353+00:00
S_00191,Reed Group,LATAM,IT Services,2003174,1519766,12,1438563,55,2,50,0.24,8,Low,584,2025-11-01 10:05:48.099471+00:00
S_00192,"Wood, Hunter and Peterson",LATAM,Facilities,1374905,997176,36,683537,24,10,53,0.53,1,Medium,685,2025-11-01 10:05:48.099740+00:00
S_00193,Short-Garcia,North America,Logistics,1998004,1216669,22,1968577,8,6,100,0.63,7,High,720,2025-11-01 10:05:48.099924+00:00
S_00194,Reid-Poole,North America,IT Services,2478224,1695057,13,1957110,27,4,79,0.9,10,Medium,815,2025-11-01 10:05:48.100127+00:00
S_00195,"Hernandez, Thompson and Boyd",Europe,Biotech,4193237,2658555,24,1706205,13,5,60,0.91,7,Medium,818,2025-11-01 10:05:48.100410+00:00
S_00196,"Nelson, Morton and Medina",Asia-Pacific,IT Services,1611951,1102398,24,378039,45,10,75,0.21,6,Medium,573,2025-11-01 10:05:48.100682+00:00
S_00197,Marshall-Petersen,North America,Logistics,777609,692727,61,688641,21,0,66,0.52,6,High,682,2025-11-01 10:05:48.100879+00:00
S_00198,"Adams, Christian and Rivas",Asia-Pacific,Biotech,2289710,1743479,1,558516,47,5,94,0.96,3,High,836,2025-11-01 10:05:48.101183+00:00
S_00199,Ramirez Group,Europe,Facilities,1041741,774051,90,1624473,25,11,57,0.57,10,Low,699,2025-11-01 10:05:48.101297+00:00
S_00200,Christensen PLC,Europe,Logistics,2524954,2218627,61,331253,35,11,88,0.49,5,Medium,671,2025-11-01 10:05:48.101408+00:00
S_00201,"Barnett, Rogers and Snyder",Europe,Logistics,4657312,3447207,76,1841096,56,1,83,0.93,7,Medium,825,2025-11-01 10:05:48.101698+00:00
S_00202,White-Lewis,North America,Manufacturing,3084871,2512278,64,433953,42,8,59,0.26,2,Medium,591,2025-11-01 10:05:48.101901+00:00
S_00203,Peterson-Beard,Europe,Biotech,4414941,2845049,65,944244,57,0,79,0.55,2,Medium,692,2025-11-01 10:05:48.102095+00:00
S_00204,"Beard, Peters and Black",LATAM,IT Services,3881903,2956612,50,543635,58,0,97,0.65,3,Medium,727,2025-11-01 10:05:48.102382+00:00
S_00205,Miller Ltd,North America,Biotech,429918,385663,8,1968269,36,0,68,0.54,6,High,689,2025-11-01 10:05:48.102504+00:00
S_00206,Freeman-Chang,LATAM,IT Services,1186059,1063216,48,950650,30,6,55,0.81,10,Low,783,2025-11-01 10:05:48.102701+00:00
S_00207,"Alvarez, Joseph and West",Asia-Pacific,Manufacturing,4573978,2237758,68,834303,39,2,96,0.31,3,Low,608,2025-11-01 10:05:48.102994+00:00
S_00208,Davis and Sons,LATAM,Biotech,240717,147334,48,1736711,20,3,79,0.98,5,High,843,2025-11-01 10:05:48.103122+00:00
S_00209,Holt-Torres,North America,Manufacturing,1631088,1312600,53,1299587,55,0,65,0.95,3,High,832,2025-11-01 10:05:48.103318+00:00
S_00210,"Wood, Tran and Cooper",North America,Logistics,331658,255466,51,930571,20,8,63,0.56,0,High,696,2025-11-01 10:05:48.103597+00:00
S_00211,"Pierce, Bell and Chavez",Asia-Pacific,Biotech,2476517,1730983,86,1726272,26,3,69,0.39,2,Low,636,2025-11-01 10:05:48.103872+00:00
S_00212,King-Martinez,Asia-Pacific,IT Services,4422570,1903822,75,1854893,53,2,90,0.38,10,Medium,633,2025-11-01 10:05:48.104082+00:00
S_00213,Stewart Ltd,Asia-Pacific,Facilities,4207568,3336190,40,1470264,32,6,59,0.24,4,Medium,584,2025-11-01 10:05:48.104189+00:00
S_00214,"Tapia, Vaughn and Lee",Europe,IT Services,4562469,3781240,18,1699835,35,0,85,0.58,6,Low,703,2025-11-01 10:05:48.104490+00:00
S_00215,"Washington, Hardy and Bray",LATAM,Logistics,4724860,2492353,42,1366240,11,7,73,0.62,1,Medium,717,2025-11-01 10:05:48.104814+00:00
S_00216,"Carlson, Hooper and Wall",LATAM,Biotech,1647875,1155920,9,404607,57,12,87,0.24,10,Medium,584,2025-11-01 10:05:48.105197+00:00
S_00217,Perez-White,Asia-Pacific,IT Services,4071450,3576809,1,454193,18,11,57,0.37,7,Low,629,2025-11-01 10:05:48.105514+00:00
S_00218,Erickson and Sons,Europe,Biotech,1765580,990150,36,808305,35,8,91,0.52,5,Medium,682,2025-11-01 10:05:48.105654+00:00
S_00219,Williams-Brown,LATAM,Facilities,3066917,1377978,60,1607251,59,5,63,0.61,5,Medium,713,2025-11-01 10:05:48.105840+00:00
S_00220,Terry-Martinez,Europe,Logistics,433488,176910,70,1970330,43,9,96,0.65,6,High,727,2025-11-01 10:05:48.106031+00:00
S_00221,Garcia-Smith,LATAM,Biotech,1695775,1384907,63,1164781,47,10,71,0.46,4,Medium,661,2025-11-01 10:05:48.106239+00:00
S_00222,Harrison-Alexander,LATAM,Facilities,4148850,2008528,45,364975,14,11,84,0.97,7,High,839,2025-11-01 10:05:48.106429+00:00
S_00223,Sheppard LLC,North America,Biotech,4597773,1916866,9,1992203,58,10,53,0.99,0,Medium,846,2025-11-01 10:05:48.106533+00:00
S_00224,Wilson-Jones,Europe,Manufacturing,1991404,1014341,58,792658,9,9,90,0.25,10,Low,587,2025-11-01 10:05:48.106733+00:00
S_00225,Jones-Soto,North America,Manufacturing,4103410,2733307,52,34853,7,8,96,0.73,4,Medium,755,2025-11-01 10:05:48.107021+00:00
S_00226,Hernandez PLC,LATAM,Logistics,2454917,1113325,12,1109715,15,3,62,0.21,9,Medium,573,2025-11-01 10:05:48.107223+00:00
S_00227,Miller-Wright,LATAM,Manufacturing,3023267,1773224,51,972588,42,3,94,0.41,3,High,643,2025-11-01 10:05:48.107478+00:00
S_00228,"Duran, Obrien and Gibbs",North America,Manufacturing,726263,437674,48,1169098,36,0,90,0.72,0,Medium,752,2025-11-01 10:05:48.107762+00:00
S_00229,Rowe Group,LATAM,IT Services,743621,507839,12,1886513,39,0,64,0.6,3,Low,710,2025-11-01 10:05:48.107882+00:00
S_00230,Kerr-Evans,North America,Manufacturing,4804530,3565991,35,1895993,40,9,92,0.58,0,High,703,2025-11-01 10:05:48.108059+00:00
S_00231,"Branch, Torres and Oliver",Europe,Biotech,2688088,1269035,50,1957991,10,4,60,0.21,9,High,573,2025-11-01 10:05:48.108321+00:00
S_00232,"Choi, Garcia and Farmer",Asia-Pacific,Facilities,3314482,2578019,17,1667794,50,11,55,0.74,8,Medium,759,2025-11-01 10:05:48.108584+00:00
S_00233,"Clark, Guerrero and Moore",LATAM,Logistics,2951279,2418093,43,1279130,55,9,88,0.24,6,Low,584,2025-11-01 10:05:48.108843+00:00
S_00234,Arnold and Sons,Asia-Pacific,Facilities,2787845,1799001,45,1169804,30,6,61,0.22,10,Medium,577,2025-11-01 10:05:48.108957+00:00
S_00235,Ortiz Ltd,Asia-Pacific,Logistics,3238281,2449935,10,571978,15,6,95,0.27,10,High,594,2025-11-01 10:05:48.109060+00:00
S_00236,"Harrison, Johnson and Roberts",North America,Manufacturing,3318386,1335974,39,942678,29,12,67,0.45,1,High,657,2025-11-01 10:05:48.109317+00:00
S_00237,Warner-Gibson,LATAM,Manufacturing,1621956,670080,45,1172283,11,9,88,0.54,5,Low,689,2025-11-01 10:05:48.109501+00:00
S_00238,"Hall, Baker and Moody",LATAM,Manufacturing,153520,117047,71,1908357,21,9,83,0.43,2,Medium,650,2025-11-01 10:05:48.109763+00:00
S_00239,"Guerrero, Peck and Coleman",Asia-Pacific,IT Services,1471883,951663,8,360659,33,4,76,0.31,4,Medium,608,2025-11-01 10:05:48.110014+00:00
S_00240,"Walker, Hernandez and Baker",Europe,Facilities,695263,484531,25,970205,12,2,69,0.49,0,Low,671,2025-11-01 10:05:48.110274+00:00
S_00241,Jones and Sons,LATAM,IT Services,2836839,1759156,55,1720176,58,10,88,0.87,2,Medium,804,2025-11-01 10:05:48.110380+00:00
S_00242,Larson-Holloway,Europe,Facilities,1734864,1534248,37,1551143,50,10,81,0.58,9,Medium,703,2025-11-01 10:05:48.110577+00:00
S_00243,Gonzales-Harrison,LATAM,IT Services,2783731,1272008,72,429011,43,8,61,0.5,10,Medium,675,2025-11-01 10:05:48.110823+00:00
S_00244,Lyons-Bender,LATAM,Logistics,275788,170775,37,1753324,50,1,100,0.96,6,Medium,836,2025-11-01 10:05:48.111018+00:00
S_00245,"Fernandez, Kim and George",Europe,IT Services,1217519,887974,54,1664813,30,1,78,0.71,9,Medium,748,2025-11-01 10:05:48.111296+00:00
S_00246,Navarro-Munoz,LATAM,Biotech,3412196,1427603,46,1481433,57,8,88,0.63,10,Low,720,2025-11-01 10:05:48.111470+00:00
S_00247,Davis Ltd,Asia-Pacific,Logistics,967457,699955,5,1191158,47,10,91,0.82,6,Low,787,2025-11-01 10:05:48.111567+00:00
S_00248,"Matthews, Smith and Hubbard",LATAM,Manufacturing,2831634,1147587,33,475570,38,11,83,0.97,8,Medium,839,2025-11-01 10:05:48.111807+00:00
S_00249,Johnston-Hines,Asia-Pacific,Facilities,4875424,3078984,86,1244362,50,8,59,0.38,5,Low,633,2025-11-01 10:05:48.111977+00:00
S_00250,Ruiz Ltd,LATAM,Manufacturing,4099777,1877840,18,740498,25,5,79,0.28,3,Medium,598,2025-11-01 10:05:48.112086+00:00
S_00251,Moon-White,LATAM,Facilities,2971754,1662561,38,103707,57,11,57,0.58,0,Low,703,2025-11-01 10:05:48.112265+00:00
S_00252,"Graham, Olsen and Costa",Europe,Logistics,967400,636546,70,345828,27,8,77,0.74,7,High,759,2025-11-01 10:05:48.112514+00:00
S_00253,Bailey-Cook,Europe,Facilities,3447784,2061054,78,1861989,18,7,87,0.7,6,Medium,745,2025-11-01 10:05:48.112691+00:00
S_00254,"Garcia, Martin and Jenkins",North America,Biotech,1851840,834950,68,402083,29,5,62,0.36,7,High,626,2025-11-01 10:05:48.112943+00:00
S_00255,Roberts-Landry,Asia-Pacific,Biotech,4156089,2470045,50,1241038,13,5,72,0.62,7,Medium,717,2025-11-01 10:05:48.113138+00:00
S_00256,"Johnson, Miller and King",North America,Logistics,2545148,1416611,30,650428,13,2,73,0.93,2,Medium,825,2025-11-01 10:05:48.113397+00:00
S_00257,Cordova Group,LATAM,Facilities,3558443,1753874,81,1136966,50,10,61,0.68,8,High,738,2025-11-01 10:05:48.113507+00:00
S_00258,"Bryan, Smith and Booth",Asia-Pacific,Facilities,2472921,1755044,45,30097,37,2,62,0.31,6,Low,608,2025-11-01 10:05:48.113756+00:00
S_00259,Gutierrez-Lopez,LATAM,Facilities,4289921,2607479,56,1034877,16,1,86,0.72,0,Medium,752,2025-11-01 10:05:48.113937+00:00
S_00260,Dean-Jimenez,Asia-Pacific,Logistics,1899935,1270684,21,1647330,35,9,97,0.43,7,Medium,650,2025-11-01 10:05:48.114111+00:00
S_00261,Wolf-Harris,Asia-Pacific,Biotech,999682,811383,46,1146747,58,12,52,0.66,7,Medium,731,2025-11-01 10:05:48.114296+00:00
S_00262,"Anderson, Roberts and Gilmore",Europe,IT Services,3616456,3028438,4,953157,22,5,55,0.28,7,Low,598,2025-11-01 10:05:48.114555+00:00
S_00263,Martinez-Dudley,Europe,Logistics,1034705,833301,75,1455217,28,11,89,0.82,10,Medium,787,2025-11-01 10:05:48.114730+00:00
S_00264,"Lloyd, Mckinney and Collins",Europe,Manufacturing,1217987,834366,68,599478,44,8,60,0.83,5,Low,790,2025-11-01 10:05:48.114994+00:00
S_00265,Tran Inc,Asia-Pacific,Biotech,2504797,2236142,86,1719558,12,2,98,0.43,6,Low,650,2025-11-01 10:05:48.115106+00:00
S_00266,Gay Inc,Europe,Logistics,2376358,1247204,41,1747452,21,12,93,0.89,6,Medium,811,2025-11-01 10:05:48.115211+00:00
S_00267,Valentine-Holland,LATAM,Facilities,4893796,3063496,81,1676394,55,1,75,0.71,8,Medium,748,2025-11-01 10:05:48.115384+00:00
S_00268,Jimenez Ltd,LATAM,IT Services,3145993,2173811,11,1542875,35,10,92,0.56,5,Low,696,2025-11-01 10:05:48.115494+00:00
S_00269,Hicks-Hill,LATAM,Logistics,4533077,2934521,41,1747162,24,5,85,0.52,9,High,682,2025-11-01 10:05:48.115671+00:00
S_00270,Baird-Sanchez,North America,Manufacturing,4121309,1853712,58,44144,13,2,78,0.83,7,High,790,2025-11-01 10:05:48.115854+00:00
S_00271,"Thomas, Lee and Greene",Europe,IT Services,3638640,1744686,35,205748,47,5,66,0.36,1,Medium,626,2025-11-01 10:05:48.116134+00:00
S_00272,"Suarez, Shields and Hill",Asia-Pacific,Logistics,1438525,884139,11,1485761,12,0,63,0.24,7,High,584,2025-11-01 10:05:48.116401+00:00
S_00273,Morgan-French,LATAM,Manufacturing,1947426,786821,43,1723601,13,6,94,0.62,2,Medium,717,2025-11-01 10:05:48.116580+00:00
S_00274,Hoover-Campbell,North America,Manufacturing,1970545,1096954,38,297580,30,12,98,0.51,2,Medium,678,2025-11-01 10:05:48.116766+00:00
S_00275,Monroe-Carpenter,North America,Biotech,1248338,905057,56,746494,52,3,90,0.25,2,Low,587,2025-11-01 10:05:48.116945+00:00
S_00276,"Burns, Hernandez and Ryan",North America,Manufacturing,3760984,1767687,15,1246426,52,6,72,0.89,6,Medium,811,2025-11-01 10:05:48.117215+00:00
S_00277,Cook-Hines,North America,Logistics,1222980,827588,76,1522423,44,4,99,0.4,0,Low,640,2025-11-01 10:05:48.117402+00:00
S_00278,Gibson-Morris,Europe,Facilities,2580418,1413478,6,1653751,56,3,81,0.36,6,High,626,2025-11-01 10:05:48.117585+00:00
S_00279,Pollard and Sons,North America,Biotech,4240802,3580773,1,767277,26,2,74,0.71,9,Medium,748,2025-11-01 10:05:48.117698+00:00
S_00280,"Reyes, Chase and Jenkins",LATAM,Manufacturing,4633168,1891929,8,38926,22,3,52,0.75,0,Low,762,2025-11-01 10:05:48.117955+00:00
S_00281,Garner-Thornton,LATAM,Facilities,3388456,2544409,10,1353304,40,8,89,0.61,2,High,713,2025-11-01 10:05:48.118144+00:00
S_00282,Hughes-Alvarado,Europe,Logistics,2649687,1770507,50,1239847,46,12,91,0.26,10,Medium,591,2025-11-01 10:05:48.118332+00:00
S_00283,"Pollard, Simpson and Johnson",Europe,Manufacturing,2651890,1384922,55,253241,35,9,88,0.76,0,Medium,766,2025-11-01 10:05:48.118589+00:00
S_00284,"Sanford, Rivera and Garcia",Europe,Manufacturing,1523424,734162,44,1106821,39,12,96,0.3,4,High,605,2025-11-01 10:05:48.118853+00:00
S_00285,Garcia-Lozano,Asia-Pacific,Manufacturing,1114771,875892,3,712569,57,6,67,0.8,8,High,780,2025-11-01 10:05:48.119045+00:00
S_00286,Bowen Group,LATAM,Facilities,4887304,3203094,7,1057758,60,9,60,0.7,5,High,745,2025-11-01 10:05:48.119151+00:00
S_00287,"Booker, Jones and Harrington",North America,Logistics,913228,703541,0,102354,60,0,65,0.92,0,Medium,822,2025-11-01 10:05:48.119415+00:00
S_00288,Morgan-Schwartz,Europe,Manufacturing,3262664,2206971,83,889481,20,5,65,0.94,6,Low,829,2025-11-01 10:05:48.119595+00:00
S_00289,"Miller, Murphy and Craig",North America,Biotech,2733810,1603117,64,1422066,9,2,64,0.42,8,Low,647,2025-11-01 10:05:48.119860+00:00
S_00290,"James, Stewart and Higgins",LATAM,IT Services,3413201,2685382,39,696399,11,8,79,0.26,0,Medium,591,2025-11-01 10:05:48.120125+00:00
S_00291,Brennan-Johnson,Asia-Pacific,Biotech,2496076,1301184,47,1250865,37,12,99,0.65,3,Medium,727,2025-11-01 10:05:48.120315+00:00
S_00292,Young Ltd,Europe,Logistics,4634871,1868728,52,60143,20,8,72,0.81,10,Low,783,2025-11-01 10:05:48.120421+00:00
S_00293,Bright-Francis,North America,Facilities,130487,107586,39,227996,19,8,65,0.96,6,Medium,836,2025-11-01 10:05:48.120606+00:00
S_00294,Good-Hodges,Europe,IT Services,552436,246670,29,1891748,60,8,76,0.98,5,Medium,843,2025-11-01 10:05:48.120786+00:00
S_00295,"Brennan, Wallace and Benson",Europe,Facilities,762213,333403,72,140616,33,10,58,0.66,3,High,731,2025-11-01 10:05:48.121100+00:00
S_00296,Williams Inc,LATAM,IT Services,2692486,1505177,34,499918,10,3,58,0.94,9,High,829,2025-11-01 10:05:48.121279+00:00
S_00297,Howard-Jordan,LATAM,IT Services,936321,564841,68,761383,55,3,78,0.33,4,Medium,615,2025-11-01 10:05:48.121511+00:00
S_00298,Schmidt PLC,Asia-Pacific,Biotech,1055907,443655,41,321057,11,11,65,0.27,5,Medium,594,2025-11-01 10:05:48.121641+00:00
S_00299,"Sparks, Jackson and Miller",Asia-Pacific,Logistics,460627,191409,51,1802228,34,8,97,0.74,8,High,759,2025-11-01 10:05:48.121965+00:00
S_00300,Harvey-Allen,Europe,Manufacturing,3925899,1593830,28,284129,18,6,73,0.28,10,Medium,598,2025-11-01 10:05:48.122185+00:00
S_00301,"Thomas, Murray and King",Asia-Pacific,Manufacturing,754973,310218,8,424712,47,7,58,0.67,1,Low,734,2025-11-01 10:05:48.122465+00:00
S_00302,Estrada-Nolan,LATAM,Manufacturing,2831242,1370305,73,918394,58,11,75,0.3,7,High,605,2025-11-01 10:05:48.122658+00:00
S_00303,Santana-Byrd,Europe,Logistics,3629117,1950617,57,1862673,15,0,89,0.34,9,Medium,619,2025-11-01 10:05:48.122842+00:00
S_00304,Jones LLC,LATAM,Manufacturing,2525521,1120979,49,297804,32,3,91,0.6,8,High,710,2025-11-01 10:05:48.122956+00:00
S_00305,"Evans, Hayden and Vaughn",LATAM,IT Services,4610522,2950006,62,731491,42,8,70,0.84,6,High,794,2025-11-01 10:05:48.123234+00:00
S_00306,Bruce-Gonzalez,Europe,Manufacturing,268632,227768,35,132874,57,7,83,0.46,5,Medium,661,2025-11-01 10:05:48.123451+00:00
S_00307,Castaneda-Rodriguez,North America,Logistics,2002550,1458721,34,1129228,58,12,97,0.98,0,Medium,843,2025-11-01 10:05:48.123643+00:00
S_00308,Armstrong-Andrews,LATAM,IT Services,1890557,1640252,22,379309,21,9,70,0.66,5,Low,731,2025-11-01 10:05:48.123825+00:00
S_00309,"Phillips, Spence and Barrett",Asia-Pacific,Biotech,286613,195413,72,1998872,18,12,81,0.76,8,Medium,766,2025-11-01 10:05:48.124095+00:00
S_00310,Smith-Grimes,North America,Logistics,4164078,2918316,2,1114042,36,0,71,0.23,9,High,580,2025-11-01 10:05:48.124300+00:00
S_00311,"Beltran, Lozano and Mcgee",Europe,IT Services,1144625,491934,18,1240208,51,2,99,0.47,1,Low,664,2025-11-01 10:05:48.124566+00:00
S_00312,Parsons-Hall,Asia-Pacific,Facilities,3110917,2155891,43,642847,26,2,60,0.97,6,Medium,839,2025-11-01 10:05:48.124759+00:00
S_00313,Robinson-Lee,Europe,Biotech,4136929,3089376,78,1660441,28,3,92,0.72,9,Low,752,2025-11-01 10:05:48.124952+00:00
S_00314,Byrd-Le,Asia-Pacific,Logistics,3224115,1576121,0,1999752,50,9,75,0.45,9,High,657,2025-11-01 10:05:48.125144+00:00
S_00315,"Becker, Taylor and Davis",Europe,Biotech,2719396,1229316,63,304950,27,11,54,0.94,3,Medium,829,2025-11-01 10:05:48.125419+00:00
S_00316,"Lucas, Parker and Alexander",North America,IT Services,2730316,1701846,33,449739,21,11,54,0.33,5,High,615,2025-11-01 10:05:48.125695+00:00
S_00317,"Diaz, Anderson and Browning",North America,Facilities,956259,592029,53,358836,32,7,74,0.78,5,Medium,773,2025-11-01 10:05:48.125966+00:00
S_00318,Burgess-Thompson,Europe,Logistics,900844,563607,4,628468,7,5,66,0.86,1,High,801,2025-11-01 10:05:48.126236+00:00
S_00319,Buchanan LLC,Europe,Manufacturing,1476945,994756,11,718733,44,9,80,0.91,0,Medium,818,2025-11-01 10:05:48.126450+00:00
S_00320,"Shaw, Nelson and Martin",LATAM,Logistics,1434096,612040,42,441070,18,6,94,0.69,8,Medium,741,2025-11-01 10:05:48.126771+00:00
S_00321,Coffey-Phillips,Asia-Pacific,IT Services,4580900,2376452,6,833975,42,8,81,0.41,2,High,643,2025-11-01 10:05:48.126982+00:00
S_00322,Brock-Mcdonald,Asia-Pacific,Biotech,82007,52497,12,63971,19,2,90,0.54,4,Low,689,2025-11-01 10:05:48.127198+00:00
S_00323,Taylor and Sons,Asia-Pacific,Facilities,4022598,2556249,84,565754,11,10,84,0.88,6,High,808,2025-11-01 10:05:48.127316+00:00
S_00324,"Ramsey, Whitney and Coffey",LATAM,Manufacturing,3249794,1727746,59,562391,20,4,86,0.5,0,High,675,2025-11-01 10:05:48.127610+00:00
S_00325,"Diaz, Gibbs and Smith",Asia-Pacific,Biotech,861200,522742,75,487128,41,0,74,0.27,8,Medium,594,2025-11-01 10:05:48.127901+00:00
S_00326,"Martinez, Richardson and Curry",LATAM,Biotech,4542220,3819220,60,636738,11,6,95,0.75,0,Medium,762,2025-11-01 10:05:48.128178+00:00
S_00327,Richards-Carson,Europe,Manufacturing,4385378,3835571,57,372553,16,3,62,0.84,2,High,794,2025-11-01 10:05:48.128391+00:00
S_00328,Rodriguez-Hall,LATAM,Logistics,707402,635695,80,320123,59,9,66,0.99,5,Low,846,2025-11-01 10:05:48.128666+00:00
S_00329,Harvey PLC,LATAM,Biotech,612137,344671,35,1099865,35,0,100,0.27,9,Medium,594,2025-11-01 10:05:48.128884+00:00
S_00330,Herman-Walker,Europe,Logistics,3569808,2439238,74,1600432,12,1,86,0.29,1,Medium,601,2025-11-01 10:05:48.129148+00:00
S_00331,Reid Group,LATAM,IT Services,4543219,2687412,62,1209619,44,7,52,0.9,2,High,815,2025-11-01 10:05:48.129294+00:00
S_00332,"Turner, Ortiz and Taylor",LATAM,Manufacturing,1256723,751390,42,1458112,21,0,97,0.69,7,Low,741,2025-11-01 10:05:48.129564+00:00
S_00333,Torres Group,Asia-Pacific,IT Services,3174259,1714650,62,1809848,50,10,56,0.22,3,High,577,2025-11-01 10:05:48.129684+00:00
S_00334,Davis PLC,Asia-Pacific,IT Services,3767081,2879555,77,1363826,11,3,78,0.82,3,Low,787,2025-11-01 10:05:48.129789+00:00
S_00335,Price LLC,Asia-Pacific,Manufacturing,3465592,2279094,20,147608,25,11,82,0.79,6,High,776,2025-11-01 10:05:48.129894+00:00
S_00336,"Avery, Horton and Fernandez",North America,Logistics,4448031,2207921,25,1765267,9,3,52,0.9,7,High,815,2025-11-01 10:05:48.130159+00:00
S_00337,"Newton, Moore and Perry",Asia-Pacific,IT Services,3073045,2494553,64,842448,46,1,93,0.76,0,High,766,2025-11-01 10:05:48.130429+00:00
S_00338,Bass PLC,Europe,Facilities,4150240,2877942,44,731942,16,4,97,0.68,1,High,738,2025-11-01 10:05:48.130536+00:00
S_00339,Crosby-Ramirez,Europe,Logistics,3292747,2382927,86,443546,23,10,76,0.24,8,High,584,2025-11-01 10:05:48.130732+00:00
S_00340,"Wood, Ramos and Sampson",Europe,Logistics,124641,87319,1,479279,22,9,69,0.58,10,High,703,2025-11-01 10:05:48.131012+00:00
S_00341,Garcia-Jennings,LATAM,IT Services,3208104,1633260,38,1430183,39,9,75,0.88,9,High,808,2025-11-01 10:05:48.131202+00:00
S_00342,"Winters, Newman and Brown",Asia-Pacific,Biotech,4340888,3141375,77,602816,25,10,56,1.0,7,High,850,2025-11-01 10:05:48.131480+00:00
S_00343,Lopez-Martinez,Asia-Pacific,IT Services,2369309,1724998,83,636610,18,2,83,0.71,3,Low,748,2025-11-01 10:05:48.131674+00:00
S_00344,Davis-Lewis,Europe,Manufacturing,3439823,2503160,37,554056,32,6,74,0.73,0,Medium,755,2025-11-01 10:05:48.131859+00:00
S_00345,"Harper, Smith and Buchanan",Asia-Pacific,Logistics,4848639,3603309,81,1656048,36,10,72,0.85,8,Medium,797,2025-11-01 10:05:48.132145+00:00
S_00346,Zhang PLC,Europe,IT Services,1475951,662409,16,1563819,22,11,85,0.87,2,Low,804,2025-11-01 10:05:48.132266+00:00
S_00347,Jones PLC,Europe,IT Services,2865489,1466167,39,891794,56,5,73,0.72,4,Medium,752,2025-11-01 10:05:48.132379+00:00
S_00348,Willis and Sons,LATAM,Manufacturing,3940306,3283049,74,1227004,45,1,80,0.88,3,Medium,808,2025-11-01 10:05:48.132487+00:00
S_00349,Schroeder-Kramer,LATAM,Manufacturing,3251673,2716527,19,298075,18,5,76,0.62,9,Low,717,2025-11-01 10:05:48.132683+00:00
S_00350,"Smith, Garrison and Thomas",Europe,Manufacturing,3888387,2503306,80,380827,26,10,53,0.31,0,Medium,608,2025-11-01 10:05:48.132959+00:00
S_00351,Fernandez and Sons,Europe,Biotech,1806426,1413062,62,1656706,54,12,55,0.81,2,Medium,783,2025-11-01 10:05:48.133082+00:00
S_00352,Guerrero Inc,LATAM,Facilities,3652149,1469385,68,428201,52,5,50,0.52,5,Medium,682,2025-11-01 10:05:48.133191+00:00
S_00353,Smith and Sons,North America,Logistics,4504634,2311475,44,664504,14,1,74,0.35,8,Medium,622,2025-11-01 10:05:48.133307+00:00
S_00354,"Morris, Thompson and Williams",North America,IT Services,1451066,1268567,58,1536374,39,9,83,0.25,5,Medium,587,2025-11-01 10:05:48.133584+00:00
S_00355,"Fisher, Wilson and Brown",LATAM,IT Services,1172307,908605,21,1998276,57,6,51,0.47,3,High,664,2025-11-01 10:05:48.133871+00:00
S_00356,Strickland-Palmer,North America,Biotech,1150633,750577,15,778797,51,10,100,0.37,0,Medium,629,2025-11-01 10:05:48.134074+00:00
S_00357,Hayes and Sons,North America,Biotech,2195715,1970303,84,236730,47,0,53,0.82,1,Medium,787,2025-11-01 10:05:48.134186+00:00
S_00358,"Williams, Logan and Camacho",Asia-Pacific,Facilities,3239799,2432875,26,1467923,49,10,50,0.3,4,Medium,605,2025-11-01 10:05:48.134462+00:00
S_00359,"Turner, Schneider and Johnson",Asia-Pacific,Biotech,897080,630483,17,888341,59,1,82,0.73,9,High,755,2025-11-01 10:05:48.134741+00:00
S_00360,Boone-Simmons,LATAM,Logistics,1006406,709013,33,1753779,39,3,72,0.83,6,High,790,2025-11-01 10:05:48.134938+00:00
S_00361,Henry Group,Europe,Facilities,380559,215130,0,36737,48,1,57,0.64,9,Medium,724,2025-11-01 10:05:48.135066+00:00
S_00362,Lam LLC,North America,Manufacturing,1301114,1109056,82,494778,35,4,66,0.96,7,High,836,2025-11-01 10:05:48.135175+00:00
S_00363,"Hernandez, Martinez and Weber",Asia-Pacific,IT Services,1515504,1213612,40,903376,53,1,56,0.9,0,High,815,2025-11-01 10:05:48.135453+00:00
S_00364,"Kelley, Nguyen and Vang",Europe,IT Services,1210936,700845,56,1314023,23,11,55,0.73,5,Low,755,2025-11-01 10:05:48.135744+00:00
S_00365,"Phillips, Wagner and Jordan",LATAM,Facilities,1584019,848901,49,1456830,60,7,76,0.29,10,Low,601,2025-11-01 10:05:48.136022+00:00
S_00366,"Wilson, Pena and Rich",North America,Logistics,1449041,654758,75,1022242,57,9,93,0.29,7,High,601,2025-11-01 10:05:48.136301+00:00
S_00367,"Le, Lewis and Hayes",North America,Logistics,3235580,2075753,62,246847,32,7,52,0.82,1,High,787,2025-11-01 10:05:48.136566+00:00
S_00368,Gutierrez Group,Europe,IT Services,2686018,1771562,88,1479223,45,1,77,0.21,10,Medium,573,2025-11-01 10:05:48.136686+00:00
S_00369,Perry-Davis,LATAM,Logistics,4092719,3354050,71,1880789,45,0,50,0.48,10,Low,668,2025-11-01 10:05:48.136871+00:00
S_00370,Edwards-Scott,LATAM,Logistics,4291008,1877026,62,682417,21,5,67,0.88,0,Medium,808,2025-11-01 10:05:48.137071+00:00
S_00371,Mcdaniel Group,LATAM,Logistics,4667891,2051142,56,1690366,42,7,55,0.71,7,Medium,748,2025-11-01 10:05:48.137184+00:00
S_00372,Davis Inc,North America,Manufacturing,1045785,629269,4,1178388,41,0,55,0.98,9,Low,843,2025-11-01 10:05:48.137300+00:00
S_00373,Reynolds Ltd,Europe,Facilities,2605152,2279970,46,1740802,9,3,79,0.91,5,Medium,818,2025-11-01 10:05:48.137409+00:00
S_00374,"Watson, Anderson and Brown",Asia-Pacific,Facilities,4018932,1836698,84,475037,6,5,72,0.77,10,Low,769,2025-11-01 10:05:48.137686+00:00
S_00375,"Hoffman, Santiago and Jenkins",Asia-Pacific,Manufacturing,2499335,1056941,21,1042684,14,11,97,0.64,6,High,724,2025-11-01 10:05:48.138366+00:00
S_00376,"Pugh, Henderson and Moon",LATAM,Logistics,1693508,1064408,24,1513213,27,1,98,0.35,6,High,622,2025-11-01 10:05:48.139102+00:00
S_00377,Schmitt PLC,LATAM,Facilities,4989305,3638342,64,292352,37,0,83,0.3,0,Medium,605,2025-11-01 10:05:48.139264+00:00
S_00378,Bell-Lane,LATAM,Biotech,3680676,2909724,22,1460846,43,2,96,0.87,2,High,804,2025-11-01 10:05:48.139462+00:00
S_00379,Moore Group,LATAM,Facilities,2749821,2446654,88,1608815,21,4,75,0.6,5,Low,710,2025-11-01 10:05:48.139570+00:00
S_00380,Boone LLC,Europe,Facilities,3848745,2698979,65,636866,59,11,85,0.84,5,Medium,794,2025-11-01 10:05:48.139679+00:00
S_00381,"Richardson, Farmer and Andrews",Europe,Logistics,4693778,3342363,37,1449928,28,10,58,0.71,10,Low,748,2025-11-01 10:05:48.139952+00:00
S_00382,Bruce-Villegas,Asia-Pacific,Manufacturing,1541601,1203046,71,1017408,43,9,92,0.6,6,Medium,710,2025-11-01 10:05:48.140167+00:00
S_00383,"Austin, Day and Johnson",LATAM,Manufacturing,4528701,2995124,3,808742,15,0,92,0.43,0,High,650,2025-11-01 10:05:48.140420+00:00
S_00384,"Gallegos, Adams and White",Asia-Pacific,Logistics,1400023,1147586,88,1654916,24,3,98,0.99,8,High,846,2025-11-01 10:05:48.140667+00:00
S_00385,"Farmer, Dorsey and Bell",Europe,Biotech,3846637,2286607,65,1654811,56,12,94,0.28,4,Medium,598,2025-11-01 10:05:48.140915+00:00
S_00386,Kane PLC,LATAM,Facilities,444095,390071,87,665682,41,0,50,0.94,4,High,829,2025-11-01 10:05:48.141017+00:00
S_00387,"Morales, Thomas and Schultz",Asia-Pacific,Biotech,3766688,2536139,77,422025,55,11,62,0.86,4,Medium,801,2025-11-01 10:05:48.141261+00:00
S_00388,Davis PLC,Europe,Biotech,674691,310139,5,908646,23,8,66,0.35,2,High,622,2025-11-01 10:05:48.141361+00:00
S_00389,Bennett Group,LATAM,Logistics,2189230,919411,41,1261748,9,12,90,0.2,9,Low,570,2025-11-01 10:05:48.141460+00:00
S_00390,Moore-Collins,Asia-Pacific,Manufacturing,2576269,2040445,40,1111833,20,2,83,0.59,1,Medium,706,2025-11-01 10:05:48.141629+00:00
S_00391,Frank-Bradley,LATAM,Manufacturing,1386896,797051,27,1401113,27,5,73,0.53,4,High,685,2025-11-01 10:05:48.141852+00:00
S_00392,Ware and Sons,North America,Manufacturing,4500147,3305219,57,514046,47,9,89,0.58,3,Low,703,2025-11-01 10:05:48.142083+00:00
S_00393,Webster Inc,North America,Facilities,2742214,1448698,36,61811,39,12,73,0.51,8,Low,678,2025-11-01 10:05:48.142221+00:00
S_00394,"Miller, Ramos and Coleman",Asia-Pacific,Logistics,3787602,2121649,10,1998544,12,2,99,0.59,8,Medium,706,2025-11-01 10:05:48.142486+00:00
S_00395,"Ramos, Nelson and Fischer",Europe,Facilities,599217,490059,26,1137752,59,11,97,0.37,6,Medium,629,2025-11-01 10:05:48.142741+00:00
S_00396,Reed Inc,Europe,Manufacturing,654990,412389,42,89453,11,1,53,0.8,2,Medium,780,2025-11-01 10:05:48.142849+00:00
S_00397,Gregory-Watkins,Europe,IT Services,4731549,2856986,57,1331661,31,6,70,0.26,0,Medium,591,2025-11-01 10:05:48.143025+00:00
S_00398,"Estrada, Williams and Foster",North America,Biotech,1042420,440691,9,760151,38,1,68,0.63,10,Medium,720,2025-11-01 10:05:48.143318+00:00
S_00399,"Brown, Harris and Dougherty",LATAM,Facilities,775658,463499,84,74632,36,2,84,0.43,3,High,650,2025-11-01 10:05:48.143553+00:00
S_00400,Duran LLC,Asia-Pacific,Logistics,3329883,1828199,82,792511,6,8,85,0.84,2,High,794,2025-11-01 10:05:48.143655+00:00
S_00401,Wilson-Jimenez,LATAM,Biotech,92193,62116,10,648983,19,11,97,0.66,5,High,731,2025-11-01 10:05:48.143858+00:00
S_00402,Thompson-James,Europe,Logistics,4349603,3081443,32,417531,13,2,92,0.31,9,Low,608,2025-11-01 10:05:48.144048+00:00
S_00403,"Hall, Hansen and Barnett",North America,IT Services,4654096,3424682,32,215945,18,11,87,0.57,7,Low,699,2025-11-01 10:05:48.144313+00:00
S_00404,Jones-Hensley,Europe,Manufacturing,3045893,1652605,8,1897685,18,5,81,0.3,7,Medium,605,2025-11-01 10:05:48.144477+00:00
S_00405,Graham Group,Europe,Biotech,2614191,1786619,40,908225,16,0,70,0.75,3,Medium,762,2025-11-01 10:05:48.144598+00:00
S_00406,Atkins PLC,Asia-Pacific,Logistics,3708473,2743491,42,1851060,36,7,78,0.42,5,Medium,647,2025-11-01 10:05:48.144696+00:00
S_00407,Berry-Mckinney,Europe,Biotech,4135012,1823485,35,1810853,58,2,84,0.64,3,High,724,2025-11-01 10:05:48.144871+00:00
S_00408,Roberts-Sullivan,North America,Biotech,691412,494921,74,1224042,31,12,87,0.78,3,Low,773,2025-11-01 10:05:48.145100+00:00
S_00409,Jackson-Meza,LATAM,Logistics,4677105,2726328,28,1879480,55,9,96,0.41,4,High,643,2025-11-01 10:05:48.145270+00:00
S_00410,Collier-Gillespie,LATAM,IT Services,4253725,2769530,84,510969,60,12,89,0.61,10,High,713,2025-11-01 10:05:48.145442+00:00
S_00411,Kim Inc,Europe,Logistics,4362891,2980633,72,1392889,15,11,96,0.31,7,Low,608,2025-11-01 10:05:48.145541+00:00
S_00412,Graham Group,LATAM,Logistics,389066,167854,47,500772,8,10,63,0.38,8,Low,633,2025-11-01 10:05:48.145635+00:00
S_00413,"Miller, Harrell and Reese",LATAM,Manufacturing,3080396,1293619,83,689626,12,11,83,0.51,10,Low,678,2025-11-01 10:05:48.145879+00:00
S_00414,Cook and Sons,Europe,Facilities,2258855,1641820,46,1242451,47,1,83,0.66,4,Medium,731,2025-11-01 10:05:48.145983+00:00
S_00415,Dixon Inc,Asia-Pacific,IT Services,1919814,1235267,61,1870534,44,0,82,0.61,2,Medium,713,2025-11-01 10:05:48.146090+00:00
S_00416,"Hicks, Bullock and Bailey",Asia-Pacific,Logistics,1979302,940406,20,769636,44,11,57,0.26,10,High,591,2025-11-01 10:05:48.146334+00:00
S_00417,"Mullen, Brewer and Hernandez",LATAM,Facilities,2820126,1803500,75,348157,47,6,51,0.78,3,High,773,2025-11-01 10:05:48.146579+00:00
S_00418,Thomas and Sons,Europe,Biotech,4860753,2039549,73,317998,9,2,66,0.67,2,Medium,734,2025-11-01 10:05:48.146676+00:00
S_00419,Morrison Ltd,North America,IT Services,3451214,3015073,27,952047,44,7,80,0.68,2,High,738,2025-11-01 10:05:48.146772+00:00
S_00420,Thompson Ltd,Europe,Biotech,3495762,2551292,33,361737,52,10,71,0.68,7,Medium,738,2025-11-01 10:05:48.146874+00:00
S_00421,Marshall-Elliott,LATAM,Logistics,627496,285062,25,1106205,38,10,76,0.38,2,Medium,633,2025-11-01 10:05:48.147040+00:00
S_00422,"Cole, Glass and Cunningham",North America,Biotech,1538325,1002471,15,205433,36,10,58,0.58,9,Medium,703,2025-11-01 10:05:48.147302+00:00
S_00423,"Downs, Morris and Maddox",LATAM,Biotech,60068,36662,5,1473063,39,6,64,0.92,7,Medium,822,2025-11-01 10:05:48.147553+00:00
S_00424,Hernandez-Jones,North America,Facilities,3248043,1516646,61,1616122,20,1,68,0.48,9,Low,668,2025-11-01 10:05:48.147725+00:00
S_00425,Welch-Hogan,North America,Manufacturing,3477977,2396303,15,1100019,6,6,91,0.41,3,Medium,643,2025-11-01 10:05:48.147928+00:00
S_00426,"Brown, Romero and Collins",North America,Logistics,2699975,1655181,74,541906,22,8,77,0.53,9,Medium,685,2025-11-01 10:05:48.148220+00:00
S_00427,Johnson-Wood,LATAM,Logistics,2361569,1432561,71,1021808,17,5,85,0.99,8,Medium,846,2025-11-01 10:05:48.148410+00:00
S_00428,Jones-Lin,LATAM,Logistics,2622392,2170027,84,259740,53,3,78,0.66,2,High,731,2025-11-01 10:05:48.148589+00:00
S_00429,Gilbert PLC,Asia-Pacific,Biotech,4314294,3050260,87,1492245,9,2,74,0.52,10,High,682,2025-11-01 10:05:48.148698+00:00
S_00430,Ford-Spencer,LATAM,Biotech,814106,502864,8,561743,20,5,55,0.86,9,High,801,2025-11-01 10:05:48.148871+00:00
S_00431,"Huang, Cole and Pacheco",LATAM,Biotech,3273960,2383729,36,1502345,44,0,99,0.94,2,Medium,829,2025-11-01 10:05:48.149154+00:00
S_00432,"Lopez, Jacobs and Mason",Asia-Pacific,Logistics,3732364,1555666,76,1080696,39,11,64,0.21,9,High,573,2025-11-01 10:05:48.149420+00:00
S_00433,Hayes LLC,North America,Logistics,352502,156306,35,1645092,31,5,92,0.49,6,Medium,671,2025-11-01 10:05:48.149524+00:00
S_00434,"Miller, Lucas and Williams",North America,Manufacturing,1730325,1167616,71,1928912,43,5,72,0.61,4,High,713,2025-11-01 10:05:48.149791+00:00
S_00435,"Kim, Gonzales and Mills",LATAM,Biotech,1681795,676629,22,863823,38,1,85,0.56,1,Medium,696,2025-11-01 10:05:48.150067+00:00
S_00436,Cox LLC,Asia-Pacific,Biotech,2901840,2340547,73,534584,50,7,74,0.96,9,Medium,836,2025-11-01 10:05:48.150190+00:00
S_00437,Ortiz-Morgan,LATAM,Facilities,2090723,1773480,3,1020764,13,4,54,0.81,6,Medium,783,2025-11-01 10:05:48.150379+00:00
S_00438,"Williams, Mccoy and Cook",Europe,IT Services,1898700,1151016,45,1093187,40,0,94,0.74,4,High,759,2025-11-01 10:05:48.150647+00:00
S_00439,Davis-Gregory,Asia-Pacific,Manufacturing,830219,562287,22,1009409,26,5,63,0.52,9,High,682,2025-11-01 10:05:48.150828+00:00
S_00440,King-York,Europe,Logistics,1645240,1263074,33,443646,20,3,65,0.6,9,Medium,710,2025-11-01 10:05:48.151017+00:00
S_00441,"Marks, Cook and Aguilar",North America,Facilities,944974,668014,69,98632,60,7,73,0.3,9,Medium,605,2025-11-01 10:05:48.151320+00:00
S_00442,Rangel LLC,LATAM,Logistics,4869417,4344480,65,597761,31,3,98,0.9,9,High,815,2025-11-01 10:05:48.151434+00:00
S_00443,"Hale, Myers and Larson",LATAM,Biotech,4460188,1856692,44,835684,49,12,61,0.84,7,Low,794,2025-11-01 10:05:48.151712+00:00
S_00444,Collins Group,North America,Manufacturing,4397019,3240829,48,1228462,12,5,73,0.57,9,Low,699,2025-11-01 10:05:48.151830+00:00
S_00445,"Conner, Li and Santiago",Europe,IT Services,1619948,1029756,78,729525,29,2,81,0.64,6,High,724,2025-11-01 10:05:48.152120+00:00
S_00446,"Osborn, Gaines and Davis",LATAM,IT Services,3173159,1984380,73,285018,42,10,64,0.49,1,Medium,671,2025-11-01 10:05:48.152390+00:00
S_00447,"Henderson, Cox and Cox",LATAM,Logistics,2028077,959121,19,1001925,57,0,61,0.64,6,Medium,724,2025-11-01 10:05:48.152659+00:00
S_00448,Bean LLC,Asia-Pacific,Facilities,4386968,2412907,71,1810409,42,0,75,0.63,1,Medium,720,2025-11-01 10:05:48.152766+00:00
S_00449,Lee-Cooke,Asia-Pacific,Facilities,553621,453684,12,953413,53,5,66,0.37,5,Medium,629,2025-11-01 10:05:48.152952+00:00
S_00450,Jones Inc,Asia-Pacific,IT Services,4726577,1937507,15,746290,49,9,62,0.95,9,Medium,832,2025-11-01 10:05:48.153098+00:00
S_00451,"Wise, Conley and Stephenson",Asia-Pacific,IT Services,4566747,2569001,65,1032348,55,11,78,0.34,1,Medium,619,2025-11-01 10:05:48.153379+00:00
S_00452,Stanley PLC,Europe,Logistics,2453533,1767256,43,894613,46,9,86,0.57,6,Low,699,2025-11-01 10:05:48.153490+00:00
S_00453,Harper and Sons,Asia-Pacific,Logistics,648477,361033,83,621018,51,4,88,0.26,10,Medium,591,2025-11-01 10:05:48.153597+00:00
S_00454,White Ltd,Asia-Pacific,Biotech,3782078,2497940,57,878197,16,2,51,0.82,2,Medium,787,2025-11-01 10:05:48.153715+00:00
S_00455,"Lamb, Martin and Kim",North America,Logistics,2160968,1044731,13,210390,10,7,85,0.95,0,High,832,2025-11-01 10:05:48.153996+00:00
S_00456,Diaz-Ball,North America,Manufacturing,3380382,1795747,19,186813,47,6,69,0.62,3,High,717,2025-11-01 10:05:48.154202+00:00
S_00457,Bishop-Goodwin,Europe,Logistics,2433835,1614535,21,69918,8,10,72,0.55,5,Low,692,2025-11-01 10:05:48.154430+00:00
S_00458,Young-Allen,Asia-Pacific,Biotech,3969102,2470458,89,1140968,17,9,88,0.98,7,Medium,843,2025-11-01 10:05:48.154774+00:00
S_00459,Mckee-Lee,Asia-Pacific,IT Services,4781044,3063816,29,1697594,11,7,69,0.55,5,Medium,692,2025-11-01 10:05:48.155160+00:00
S_00460,"Valentine, Joyce and Murray",North America,Biotech,1356253,1095431,17,731178,24,7,84,0.44,0,Medium,654,2025-11-01 10:05:48.155730+00:00
S_00461,Strickland-Shaw,LATAM,IT Services,4176621,1689720,55,1683453,24,9,64,0.96,0,Medium,836,2025-11-01 10:05:48.156135+00:00
S_00462,Burch-Montoya,LATAM,Facilities,1631848,856635,82,827308,59,6,64,0.53,4,High,685,2025-11-01 10:05:48.156491+00:00
S_00463,"Taylor, Wright and Davidson",Asia-Pacific,IT Services,2059590,1491613,68,1706194,23,6,62,0.61,1,High,713,2025-11-01 10:05:48.157073+00:00
S_00464,Spencer-Garcia,LATAM,Biotech,2479301,1552993,89,1316009,37,3,70,0.29,0,High,601,2025-11-01 10:05:48.157379+00:00
S_00465,"Rosales, Mitchell and Hines",North America,IT Services,4537659,2425821,56,1534854,6,3,55,0.22,2,High,577,2025-11-01 10:05:48.157697+00:00
S_00466,Cole-Palmer,Asia-Pacific,Facilities,1871905,1682808,59,1471578,56,0,71,0.47,1,Low,664,2025-11-01 10:05:48.157892+00:00
S_00467,Davis-Lozano,LATAM,Manufacturing,1275473,856602,23,413056,59,4,74,0.24,0,High,584,2025-11-01 10:05:48.158101+00:00
S_00468,Wilkerson-Arias,LATAM,Logistics,2138447,1644058,4,427710,35,11,99,0.51,1,Medium,678,2025-11-01 10:05:48.158311+00:00
S_00469,Brown-Shaw,Asia-Pacific,IT Services,1798581,862070,5,1571800,41,8,57,0.58,4,Medium,703,2025-11-01 10:05:48.158511+00:00
S_00470,Hughes Inc,North America,Logistics,2556625,2266798,30,1337306,33,5,50,0.36,2,Medium,626,2025-11-01 10:05:48.158622+00:00
S_00471,Walker-Flores,Europe,Manufacturing,4954792,4382104,74,1653066,50,7,94,0.3,9,High,605,2025-11-01 10:05:48.158819+00:00
S_00472,Combs Ltd,LATAM,Manufacturing,800611,594831,43,1962131,54,10,53,0.4,0,Medium,640,2025-11-01 10:05:48.158927+00:00
S_00473,Moody-Taylor,North America,Logistics,1341161,863602,40,1180945,56,10,98,0.76,5,Low,766,2025-11-01 10:05:48.159130+00:00
S_00474,Lowery-Kennedy,North America,Facilities,3730240,2160121,17,535748,8,7,95,0.79,7,Medium,776,2025-11-01 10:05:48.159326+00:00
S_00475,Blake Group,Europe,Biotech,4602783,2270614,44,688807,52,7,67,0.76,9,Low,766,2025-11-01 10:05:48.159446+00:00
S_00476,Gilbert-Bullock,Europe,Facilities,4701653,2575736,33,1145830,29,7,50,0.33,10,Medium,615,2025-11-01 10:05:48.159640+00:00
S_00477,Scott and Sons,Asia-Pacific,Biotech,1606374,834339,8,1390532,40,6,62,0.91,8,Medium,818,2025-11-01 10:05:48.159758+00:00
S_00478,"Bentley, Lynch and Henderson",Asia-Pacific,IT Services,4676047,2828551,41,241660,12,8,92,0.32,1,High,612,2025-11-01 10:05:48.160038+00:00
S_00479,Young-Martinez,North America,Logistics,1138625,516397,24,217101,8,9,91,0.34,6,Medium,619,2025-11-01 10:05:48.160243+00:00
S_00480,Barnes PLC,Asia-Pacific,Manufacturing,4460909,2601499,77,1515430,10,0,63,0.7,10,Medium,745,2025-11-01 10:05:48.160354+00:00
S_00481,Brown-Copeland,North America,IT Services,720726,489380,53,1733914,29,12,95,0.57,0,Low,699,2025-11-01 10:05:48.160563+00:00
S_00482,Carlson-Smith,North America,IT Services,2279823,1000768,27,1099439,12,1,96,0.62,3,Medium,717,2025-11-01 10:05:48.160769+00:00
S_00483,"Andrews, Higgins and Carter",Europe,Biotech,1639309,1168274,22,1181098,53,8,76,0.35,1,Medium,622,2025-11-01 10:05:48.161047+00:00
S_00484,Mendez and Sons,LATAM,Facilities,4886566,4111615,21,1671912,17,8,75,0.49,8,Medium,671,2025-11-01 10:05:48.161182+00:00
S_00485,"Butler, Beck and Miller",LATAM,IT Services,1376880,1172058,70,690849,60,5,76,0.63,10,Medium,720,2025-11-01 10:05:48.161471+00:00
S_00486,Jones-Fox,Europe,Facilities,2763302,2163262,32,764992,34,7,75,0.69,0,Medium,741,2025-11-01 10:05:48.161674+00:00
S_00487,"Hartman, Romero and Smith",Europe,IT Services,2436409,982565,28,460516,60,5,51,0.68,4,Low,738,2025-11-01 10:05:48.161961+00:00
S_00488,Williams-Hughes,Europe,Manufacturing,4338856,1817408,45,337380,14,4,73,0.65,9,High,727,2025-11-01 10:05:48.162180+00:00
S_00489,King-Smith,North America,Biotech,2199529,1319495,27,1549867,10,11,70,0.85,7,High,797,2025-11-01 10:05:48.162380+00:00
S_00490,Cooper Ltd,North America,Biotech,4883788,3521832,4,1542576,57,9,74,0.86,1,Medium,801,2025-11-01 10:05:48.162502+00:00
S_00491,"Fuller, Ingram and Moss",LATAM,Facilities,2855063,2469980,15,1834074,55,3,97,0.48,10,Low,668,2025-11-01 10:05:48.162804+00:00
S_00492,Anderson-Bell,LATAM,Manufacturing,145918,80603,5,679655,40,9,59,0.71,5,Medium,748,2025-11-01 10:05:48.163017+00:00
S_00493,Li-Thompson,LATAM,Facilities,1902180,1476890,73,1068494,11,3,77,0.32,4,Medium,612,2025-11-01 10:05:48.163236+00:00
S_00494,"Marshall, Dominguez and Welch",North America,Facilities,1291618,885688,6,1159558,31,4,55,0.31,6,Medium,608,2025-11-01 10:05:48.163547+00:00
S_00495,Brown Group,LATAM,Biotech,1143666,570751,50,1377864,42,3,85,0.81,9,Low,783,2025-11-01 10:05:48.163678+00:00
S_00496,Carter Inc,North America,IT Services,4447709,3506511,41,1445999,42,1,57,0.4,10,Medium,640,2025-11-01 10:05:48.163801+00:00
S_00497,Blackwell LLC,Asia-Pacific,IT Services,3114087,2170327,3,1624138,25,2,72,0.48,9,Low,668,2025-11-01 10:05:48.163920+00:00
S_00498,Robertson-Hays,LATAM,Manufacturing,3759527,3241113,29,428770,49,5,59,0.7,1,High,745,2025-11-01 10:05:48.164134+00:00
S_00499,"Kennedy, Johnson and Lucas",Europe,IT Services,507498,206484,88,1696699,13,4,78,0.39,7,High,636,2025-11-01 10:05:48.164440+00:00
S_00500,Kelly-Norman,Europe,Logistics,1803299,1214002,33,1160917,36,9,96,0.79,2,Medium,776,2025-11-01 10:05:48.164719+00:00
